Algorithm,Time,Score,
Binary-Trees,2.580734,3874.866780,
Mandelbrot,2.896521,3452.417940,
NBody,5.927402,1687.079747,
PiDigits,4.128437,2422.224082,
Spectral-Norm,2.528643,3954.690894,
